0,SWD\WPDBUSENUM\_??_USBSTOR#Disk&Ven_SanDisk&Prod_Cruzer_Blade&Rev_1.00#04019828110320085531&0#{53f56307-b6bf-11d0-94f2-00a0c91efb8b}, {eec5ad98-8080-425f-922a-dabf3de3f69a}, 06/21/2006 10.0.19041.746, wpdbusenum\fs,06/24/2021 14:44:49
1,SWD\WPDBUSENUM\_??_USBSTOR#Disk&Ven_REALSIL&Prod_RTSUERLUN0&Rev_1.00#0000#{53f56307-b6bf-11d0-94f2-00a0c91efb8b}, {eec5ad98-8080-425f-922a-dabf3de3f69a}, 06/21/2006 10.0.19041.746, wpdbusenum\fs,06/24/2021 14:44:51
2,SWD\WPDBUSENUM\_??_USBSTOR#Disk&Ven__USB&Prod__SanDisk_3.2Gen1&Rev_1.00#0901869cef5511a15b46b3e695ddafffa27bed54265ccecca14bb5cccc7851b#{53f56307-b6bf-11d0-94f2-00a0c91efb8b}, {eec5ad98-8080-425f-922a-dabf3de3f69a}, 06/21/2006 10.0.19041.746, wpdbusenum\fs,06/24/2021 14:46:59
3,SWD\WPDBUSENUM\_??_USBSTOR#Disk&Ven_SanDisk&Prod_Cruzer_Blade&Rev_1.00#4C530000130202209232&0#{53f56307-b6bf-11d0-94f2-00a0c91efb8b}, {eec5ad98-8080-425f-922a-dabf3de3f69a}, 06/21/2006 10.0.19041.746, wpdbusenum\fs,06/24/2021 14:47:00
4,SWD\WPDBUSENUM\_??_USBSTOR#Disk&Ven__USB&Prod__SanDisk_3.2Gen1&Rev_1.00#040199029aad6b8f58cea6ef1b7089c0c731e432b395453527f6025ce5fb6ff#{53f56307-b6bf-11d0-94f2-00a0c91efb8b}, {eec5ad98-8080-425f-922a-dabf3de3f69a}, 06/21/2006 10.0.19041.746, wpdbusenum\fs,06/24/2021 14:47:00
5,SWD\WPDBUSENUM\_??_USBSTOR#Disk&Ven_SanDisk&Prod_Cruzer_Blade&Rev_1.00#03003005020921231234&0#{53f56307-b6bf-11d0-94f2-00a0c91efb8b}, {eec5ad98-8080-425f-922a-dabf3de3f69a}, 06/21/2006 10.0.19041.746, wpdbusenum\fs,06/24/2021 14:47:02
6,SWD\WPDBUSENUM\_??_USBSTOR#Disk&Ven_SanDisk&Prod_Cruzer_Blade&Rev_1.00#03019831120920031931&0#{53f56307-b6bf-11d0-94f2-00a0c91efb8b}, {eec5ad98-8080-425f-922a-dabf3de3f69a}, 06/21/2006 10.0.19041.746, wpdbusenum\fs,06/24/2021 14:50:20
7,SWD\WPDBUSENUM\_??_USBSTOR#Disk&Ven_Generic&Prod_STORAGE_DEVICE&Rev_1404#7&1b594a03&0#{53f56307-b6bf-11d0-94f2-00a0c91efb8b}, {eec5ad98-8080-425f-922a-dabf3de3f69a}, 06/21/2006 10.0.19041.746, wpdbusenum\fs,07/14/2021 13:44:42
8,SWD\WPDBUSENUM\_??_USBSTOR#Disk&Ven_SanDisk&Prod_Cruzer_Blade&Rev_1.27#4C530310010913104240&0#{53f56307-b6bf-11d0-94f2-00a0c91efb8b}, {eec5ad98-8080-425f-922a-dabf3de3f69a}, 06/21/2006 10.0.19041.746, wpdbusenum\fs,07/21/2021 01:09:29
9,SWD\WPDBUSENUM\_??_USBSTOR#Disk&Ven__USB&Prod__SanDisk_3.2Gen1&Rev_1.00#010156c8115dab2cbcff9e2d813b73a811b3630f65cec54c5ef7416debd5fa6#{53f56307-b6bf-11d0-94f2-00a0c91efb8b}, {eec5ad98-8080-425f-922a-dabf3de3f69a}, 06/21/2006 10.0.19041.746, wpdbusenum\fs,08/01/2021 00:08:53
